"Keyword","Volume (Average)","Volume (November 2023)","Volume (December 2023)","Volume (January 2024)","Volume (February 2024)","Volume (March 2024)","Volume (April 2024)","Volume (May 2024)","Volume (June 2024)","Volume (July 2024)","Volume (August 2024)","Volume (September 2024)","Volume (October 2024)","Search Intent","CPC","Competition","People Also Asked","AI Research","SERP Results","Meta Titles & Descriptions","SEO Outlines","7W1H Questions"
"people also asked","3600","3600","2900","3600","3600","6600","6600","3600","2900","2900","2900","2900","2900","General","5.6115628315","LOW","","","","",""
"what is a snippet","1300","1300","1000","1600","1600","1600","1600","1600","1300","1600","1300","1300","1300","Informational","7.2081232695","LOW","","","","",""
"what is ahrefs","590","320","260","390","480","590","590","880","590","480","590","590","590","Informational","10.6391281781","LOW","","","","",""
"google people also ask","390","390","260","390","390","390","320","390","390","480","480","390","320","General","5.38791112","LOW","","","","",""
"people also ask google","320","320","260","320","320","320","260","320","320","320","260","320","320","General","0","LOW","","","","",""
"what does asked mean","320","320","390","390","320","320","320","320","320","320","320","320","260","Informational","0","LOW","","","","",""
"is ahrefs free","260","140","70","210","260","320","320","320","320","260","260","390","320","General","19.3865508374","LOW","","","","",""
"what does hindi mean","210","210","210","210","210","210","210","170","210","210","210","170","170","Informational","0","LOW","","","","",""
"people also ask boxes","210","140","110","170","170","210","260","210","260","320","260","260","260","General","0","LOW","","","","",""
"is ahrefs worth it","210","110","50","110","210","210","210","260","210","170","260","260","260","General","19.8312458554","LOW","","","","",""
"stop google from asking for location","170","0","170","170","320","480","320","140","90","70","70","70","70","Commercial","0","LOW","","","","",""
"feedback about featured snippets people also ask","170","210","170","210","210","260","210","210","140","170","140","90","90","Navigational","0","LOW","","","","",""
"how to optimize for people also ask","170","110","140","170","140","140","140","140","170","320","210","210","140","Informational","4.948079359","LOW","","","","",""
"people also ask seo","140","260","70","140","140","140","110","110","140","260","210","140","70","General","8.0091649472","LOW","","","","",""
"what is hindi mean","140","110","110","140","110","110","110","110","90","140","140","140","170","Informational","0","LOW","","","","",""
"people who always ask for money","70","30","40","50","50","70","70","90","70","90","90","50","70","Informational","0","LOW","","","","",""
"does google offer seo services","70","20","10","10","10","590","70","20","20","10","20","20","30","Commercial","17.4007271188","LOW","","","","",""
"who ru meaning in hindi","70","40","70","70","70","70","70","70","90","50","70","70","90","Informational","0","LOW","","","","",""
"what is people also ask","50","30","10","40","30","50","50","90","70","50","50","50","70","Informational","0","LOW","","","","",""
"what does ask","50","40","50","50","50","50","70","70","50","50","40","50","40","Informational","0","LOW","","","","",""
"people also ask not working","40","30","10","10","40","30","40","140","50","30","30","40","30","General","0","LOW","","","","",""
"feedback about featured snippets","40","30","40","50","50","40","50","40","40","50","50","30","30","Navigational","0","LOW","","","","",""
"can delete request have a body","40","40","30","50","50","50","30","50","40","70","40","30","30","General","0","LOW","","","","",""
"can i ask google a question","40","20","30","30","50","50","30","50","40","50","40","40","40","General","0","LOW","","","","",""
"can you add someone to your google calendar","40","20","30","50","40","30","50","30","40","30","50","30","30","General","0","LOW","","","","",""
"what is the most common question asked on google","40","40","40","50","40","40","50","40","40","40","30","30","30","Informational","0","LOW","","","","",""
"about featured snippets people also ask","30","30","20","30","40","30","20","30","40","30","20","20","10","Navigational","0","LOW","","","","",""
"who is game questions","20","30","30","20","10","20","20","10","10","10","20","10","10","Informational","0.0440599246","LOW","","","","",""
"what is for means","20","40","10","20","30","20","30","30","10","10","30","30","30","Informational","0","LOW","","","","",""
"infinite people also ask","20","10","10","10","10","20","20","20","20","10","10","10","50","General","0","LOW","","","","",""
"who questions and answers","20","10","20","20","10","10","10","20","10","20","10","10","20","Informational","0","LOW","","","","",""
"how to make a google list","20","20","20","20","10","20","10","10","10","20","20","20","10","Informational","0","LOW","","","","",""
"people also ask how","20","10","20","20","20","20","30","30","20","20","20","20","40","Informational","0","LOW","","","","",""
"google people also ask not working","20","20","0","10","20","20","20","40","10","20","10","20","20","General","0","LOW","","","","",""
"how to make a google checklist","10","10","10","10","10","10","10","20","20","10","10","10","10","Informational","0","LOW","","","","",""
"how google's featured snippets work","10","10","10","10","10","10","10","10","10","10","10","10","10","Informational","0","LOW","","","","",""
"what is this meaning punjabi","10","10","0","10","10","10","10","10","0","10","10","0","10","Informational","0","LOW","","","","",""
"google disable people also ask","10","0","0","0","0","0","0","0","0","10","10","10","10","General","0","LOW","","","","",""
"how to ask someone to play a game","10","30","20","10","20","10","10","10","10","10","10","10","20","Informational","0","LOW","","","","",""
"what does that mean meaning in tamil","10","10","10","10","10","20","10","10","10","10","10","10","10","Informational","0","LOW","","","","",""
"people also ask google not working","10","10","10","0","0","10","10","10","10","10","10","10","10","General","0","LOW","","","","",""
"is google seo free","10","10","20","10","20","20","20","20","10","10","10","10","10","General","0","LOW","","","","",""
"what are some funny weird questions","10","0","0","0","10","10","10","10","10","10","10","10","10","Informational","0","LOW","","","","",""
"is ka matlab meaning in english","10","10","0","10","10","10","0","10","10","10","0","0","10","General","0","LOW","","","","",""
"people also ask meaning","10","10","0","10","10","10","10","10","10","10","10","10","10","General","0","LOW","","","","",""
"people also ask hindi meaning","10","0","0","0","0","0","10","0","10","0","0","0","10","General","0","LOW","","","","",""
"what is this ka matlab hindi me","10","0","0","10","0","0","0","0","0","0","0","0","0","Informational","0","UNSPECIFIED","","","","",""
"how to make a people also ask on google","10","0","0","0","0","0","0","0","0","0","10","10","0","Informational","0","UNSPECIFIED","","","","",""
"how accurate is ahrefs","10","0","0","0","10","10","10","10","10","10","20","10","10","Informational","0","LOW","","","","",""
"people also ask en español","10","0","0","0","0","0","0","0","0","20","20","20","30","General","0","LOW","","","","",""
"people who always ask for favors","10","0","0","0","0","0","0","0","0","0","40","20","30","Informational","0","LOW","","","","",""
"how to rank for people also ask","10","0","0","0","0","0","0","0","0","0","10","10","10","Informational","4.3559466526","LOW","","","","",""
"people also ask extension","10","0","0","0","0","0","0","0","0","0","0","10","0","General","0","UNSPECIFIED","","","","",""
"people also ask in google","10","0","0","0","0","0","0","0","0","0","0","0","10","General","0","LOW","","","","",""
"people also ask in english","10","0","0","0","0","0","0","0","0","0","0","10","10","General","0","LOW","","","","",""
"can you add friends on quizlet","10","0","0","0","0","0","0","0","0","0","0","0","20","General","0","LOW","","","","",""
"are you ok ka matlab","10","0","10","0","10","0","0","0","0","0","10","0","0","General","0","UNSPECIFIED","","","","",""
"people also ask section","10","0","0","0","10","10","10","10","10","10","10","10","10","General","0","LOW","","","","",""
"snippets people also ask","10","0","0","0","0","0","0","0","0","10","10","10","10","General","0","LOW","","","","",""
"people also ask funny","10","0","0","0","0","0","0","0","0","0","10","20","90","General","0","LOW","","","","",""
"people who always ask why","10","0","0","0","0","0","0","0","0","10","10","10","20","Informational","0","LOW","","","","",""
"why is google not working correctly","10","0","0","0","0","0","0","0","0","0","0","0","10","Informational","0","LOW","","","","",""
"people also ask how much","10","0","0","0","0","0","0","0","0","0","0","0","10","Informational","0","LOW","","","","",""
"snippet or snippets","10","0","0","0","0","0","0","0","0","0","10","10","10","General","0","LOW","","","","",""
"people also ask meme","10","0","0","0","0","0","0","0","0","20","10","10","20","General","0","LOW","","","","",""
"why are you asking me meaning in hindi","10","10","10","10","0","10","10","10","0","10","0","0","10","Informational","0","LOW","","","","",""
"how to remove people also ask from google","10","0","0","0","0","0","0","0","0","20","10","10","10","Informational","0","LOW","","","","",""
"what do you mean by ka matlab","10","0","10","0","0","0","0","0","0","0","0","0","0","Informational","0","UNSPECIFIED","","","","",""
"are u here meaning in tamil","10","0","0","0","0","0","0","0","0","0","0","0","10","General","0","LOW","","","","",""
"how mean you are meaning in marathi","10","10","10","0","0","0","10","0","10","0","0","0","10","Informational","0","LOW","","","","",""
"why google was not working","10","0","0","0","0","0","0","10","0","0","10","10","10","Informational","0","LOW","","","","",""
"people also ask for","10","10","10","10","10","10","10","10","10","10","10","10","10","General","0","LOW","","","","",""
"who are u meaning in tamil","10","0","0","0","0","10","0","0","0","0","0","0","0","Informational","0","UNSPECIFIED","","","","",""
"how to make a sign up form in google","10","10","10","10","10","10","20","10","20","10","10","10","20","Transactional, Informational","5.1407766425","LOW","","","","",""
"what do you mean meaning in marathi","10","10","10","10","10","10","10","10","10","10","0","10","10","Informational","0","LOW","","","","",""
"can meaning in hindi with example","10","20","10","10","20","40","10","10","20","10","10","20","10","General","0","LOW","","","","",""
"can anyone answer this question","10","10","0","10","10","0","10","0","10","10","10","10","10","General","0","LOW","","","","",""
"having meaning in hindi with example","10","10","10","10","10","0","10","10","10","10","10","10","10","General","0.2442458313","LOW","","","","",""
"how do you do nepali meaning","10","10","0","10","0","10","10","10","10","10","10","10","10","Informational","0","LOW","","","","",""
"who is more game questions","10","10","10","10","10","10","10","10","10","10","0","10","10","Informational","0","LOW","","","","",""
"people also ask api","10","10","10","10","10","10","10","20","10","10","10","10","10","General","13.8686754825","LOW","","","","",""
"what does it mean meaning in punjabi","10","10","10","10","10","10","10","10","10","10","10","10","10","Informational","0","LOW","","","","",""
"people also ask ka hindi","10","0","0","0","0","0","0","0","10","0","0","0","0","General","0","UNSPECIFIED","","","","",""
"people also ask in hindi","10","10","10","10","10","10","20","10","10","10","10","10","0","General","0","UNSPECIFIED","","","","",""
"people also ask not opening","10","0","10","0","10","0","0","0","10","10","10","10","0","General","0","UNSPECIFIED","","","","",""
"people also ask meaning in urdu","10","0","0","0","0","0","0","0","10","0","10","0","0","General","0","UNSPECIFIED","","","","",""
"people also ask is","10","10","10","10","10","10","10","10","10","20","10","10","20","General","0","LOW","","","","",""
"what does this mean meaning in marathi","10","10","0","10","10","10","0","10","0","10","10","10","10","Informational","0","LOW","","","","",""
"how much does google charge for seo","10","10","10","10","10","10","20","10","20","10","20","10","20","Informational","10.7353538728","LOW","","","","",""
"what you mean meaning in punjabi","10","0","0","10","0","10","0","0","0","10","10","10","0","Informational","0","UNSPECIFIED","","","","",""
"featured snippets people also ask","10","10","10","10","10","10","10","10","10","10","10","10","10","General","0","LOW","","","","",""
"i have required meaning in urdu","10","0","0","10","0","10","0","0","0","0","0","10","10","General","0","LOW","","","","",""
"what nepali meaning","10","10","10","10","10","10","10","10","10","10","10","10","10","Informational","0","LOW","","","","",""
"why is people also ask not working","10","10","0","10","10","10","10","10","10","10","10","10","10","Informational","0","LOW","","","","",""
"what is asking and answering questions","10","10","10","10","10","10","10","10","10","10","10","10","10","Informational","0","LOW","","","","",""
"why are you asking me meaning in urdu","10","10","10","10","0","10","10","10","10","10","0","0","10","Informational","0","LOW","","","","",""
"why do you ask answer","10","10","0","10","10","0","10","0","0","10","0","0","0","Informational","0","UNSPECIFIED","","","","",""
"what good feedback really looks like","10","20","10","30","10","10","20","10","10","10","10","10","10","Informational","0","LOW","","","","",""
"how to delete questions asked on google","10","10","20","20","10","10","20","10","20","10","10","10","10","Informational","0","LOW","","","","",""
"why do you ask meaning in urdu","10","10","10","10","10","10","0","10","0","0","0","10","10","Informational","0","LOW","","","","",""
"people also ask questions","10","10","10","10","10","10","10","10","10","10","20","10","10","General","0","LOW","","","","",""
"general feedback comments","10","10","10","0","10","10","10","10","10","0","0","0","10","General","0","LOW","","","","",""
"people also ask meaning in hindi","10","0","0","0","0","0","10","0","0","0","0","0","0","General","0","UNSPECIFIED","","","","",""
"why are you asking me this question meaning in hindi","10","0","0","0","0","0","0","10","0","10","0","10","0","Informational","0","UNSPECIFIED","","","","",""
"how to add a friend request","10","10","10","20","10","10","10","10","10","20","10","10","10","Informational","0","LOW","","","","",""
"how does people also ask on google work","0","Informational","0","UNSPECIFIED","","","","",""
"how does people also ask work","0","Informational","0","UNSPECIFIED","","","","",""
"people are also ask","0","General","0","UNSPECIFIED","","","","",""
"who are you meaning in punjabi answer","0","0","0","0","0","0","0","0","0","0","0","0","0","Informational","0","UNSPECIFIED","","","","",""
"who is google target audience","0","Transactional, Informational","0","UNSPECIFIED","","","","",""
"people also ask in urdu","0","General","0","UNSPECIFIED","","","","",""
"people also ask me","0","General","0","UNSPECIFIED","","","","",""
"people who always ask for help","0","Navigational, Informational","0","UNSPECIFIED","","","","",""
"people who also ask","0","Informational","0","UNSPECIFIED","","","","",""
"people also ask ka hindi matlab","0","General","0","UNSPECIFIED","","","","",""
"how to create people also ask","0","Informational","0","UNSPECIFIED","","","","",""
"people also ask meaning in marathi","0","General","0","UNSPECIFIED","","","","",""
"when people ask hindi meaning","0","Informational","0","UNSPECIFIED","","","","",""
"people also ask on google","0","General","0","UNSPECIFIED","","","","",""
"people also ask section google","0","General","0","UNSPECIFIED","","","","",""
"people also ask what is the meaning of","0","Informational","0","UNSPECIFIED","","","","",""
"people also ask artinya","0","General","0","UNSPECIFIED","","","","",""
"what people also ask","0","Informational","0","UNSPECIFIED","","","","",""
"google turn off people also ask","0","General","0","UNSPECIFIED","","","","",""
"people who always ask for favours","0","Informational","0","UNSPECIFIED","","","","",""
"google people also ask related questions","0","General","0","UNSPECIFIED","","","","",""
"people also ask ahrefs","0","General","0","UNSPECIFIED","","","","",""
"how to fix people also ask","0","Informational","0","UNSPECIFIED","","","","",""
"people also ask remove","0","General","0","UNSPECIFIED","","","","",""
"people also ask google feature","0","General","0","UNSPECIFIED","","","","",""
"how to make people also ask","0","Informational","0","UNSPECIFIED","","","","",""
"how to use people also ask","0","Informational","0","UNSPECIFIED","","","","",""
"people also ask meaning of hindi","0","General","0","UNSPECIFIED","","","","",""
"people also ask translate","0","General","0","UNSPECIFIED","","","","",""
"see more people also ask","0","General","0","UNSPECIFIED","","","","",""
"google people also ask disable","0","General","0","UNSPECIFIED","","","","",""
"how do i add a friend request","0","Informational","0","UNSPECIFIED","","","","",""
"people also ask in hindi translation","0","General","0","UNSPECIFIED","","","","",""
"why can ti open people also ask on google","0","Informational","0","UNSPECIFIED","","","","",""
"people also ask ka matlab kya hai","0","General","0","UNSPECIFIED","","","","",""
"what is the people also ask section of google","0","Informational","0","UNSPECIFIED","","","","",""
"people also ask in urdu meaning","0","General","0","UNSPECIFIED","","","","",""
"people also ask do a backflip google trick","0","General","0","UNSPECIFIED","","","","",""
"people also ask ne demek","0","General","0","UNSPECIFIED","","","","",""
"people also ask examples","0","General","0","UNSPECIFIED","","","","",""
"why is google not coming up","0","Informational","0","UNSPECIFIED","","","","",""
"people also ask chrome extension","0","General","0","UNSPECIFIED","","","","",""
"people also ask bangla meaning","0","General","0","UNSPECIFIED","","","","",""
"what is people also ask in hausa","0","Informational","0","UNSPECIFIED","","","","",""
"people also ask matlab kya hota hai","0","General","0","UNSPECIFIED","","","","",""
"is it asked or ask","0","General","0","UNSPECIFIED","","","","",""
"people also ask feature","0","General","0","UNSPECIFIED","","","","",""
"of people also ask","0","General","0","UNSPECIFIED","","","","",""
"does google do seo","0","General","0","UNSPECIFIED","","","","",""
"feedback about featured snippets people also ask how","0","Navigational, Informational","0","UNSPECIFIED","","","","",""
"what is the best feedback model","0","Informational, Commercial","0","UNSPECIFIED","","","","",""
"how to people also ask","0","Informational","0","UNSPECIFIED","","","","",""
"people also ask hindi","0","General","0","UNSPECIFIED","","","","",""
"people also ask in nepali","0","General","0","UNSPECIFIED","","","","",""
"clinic feedback about featured snippets people also ask","0","Navigational","0","UNSPECIFIED","","","","",""
"what do people also ask mean","0","Informational","0","UNSPECIFIED","","","","",""
"mor live sticky people also ask","0","General","0","UNSPECIFIED","","","","",""
"people also ask ka hindi arth","0","General","0","UNSPECIFIED","","","","",""
"google people also ask api","0","General","0","UNSPECIFIED","","","","",""
"more people also ask","0","General","0","UNSPECIFIED","","","","",""
"people also ask kannada meaning","0","General","0","UNSPECIFIED","","","","",""
"why people also ask","0","Informational","0","UNSPECIFIED","","","","",""
"people ask meaning in urdu","0","General","0","UNSPECIFIED","","","","",""
"google people also ask meme","0","General","0","UNSPECIFIED","","","","",""
"people also ask bengali meaning","0","General","0","UNSPECIFIED","","","","",""
"people also ask google api","0","General","0","UNSPECIFIED","","","","",""
"remove people also ask google","0","General","0","UNSPECIFIED","","","","",""
"people also asked alternative","0","General","0","UNSPECIFIED","","","","",""
"health feedback about featured snippets people also ask","0","Navigational","0","UNSPECIFIED","","","","",""
"people also ask ka arth","0","General","0","UNSPECIFIED","","","","",""
"feedback 6 more images people also ask","0","General","0","UNSPECIFIED","","","","",""
"people also ask answer","0","General","0","UNSPECIFIED","","","","",""
"google s people also ask","0","General","0","UNSPECIFIED","","","","",""
"2024 people also ask","0","General","0","UNSPECIFIED","","","","",""
"people also ask in hausa","0","General","0","UNSPECIFIED","","","","",""
"people also ask how do i complain to blinkit","0","Informational","0","UNSPECIFIED","","","","",""
"people also ask in kannada","0","General","0","UNSPECIFIED","","","","",""
"snippets feedback people also ask","0","General","0","UNSPECIFIED","","","","",""
"google s people also ask related questions","0","General","0","UNSPECIFIED","","","","",""
"meaning of people also ask","0","General","0","UNSPECIFIED","","","","",""
"block people also ask","0","General","0","UNSPECIFIED","","","","",""
"turn off people also ask","0","General","0","UNSPECIFIED","","","","",""
"feedback about featured snippets people also ask can","0","Navigational","0","UNSPECIFIED","","","","",""
"is people also ask","0","General","0","UNSPECIFIED","","","","",""
"people also ask google seo","0","General","0","UNSPECIFIED","","","","",""
"people also ask telugu meaning","0","General","0","UNSPECIFIED","","","","",""
"people also ask in hindi grammar","0","General","0","UNSPECIFIED","","","","",""
"people who always ask what s wrong","0","Informational","0","UNSPECIFIED","","","","",""
"who am i game questions and answers","0","Informational","0","UNSPECIFIED","","","","",""
"people also ask what does people also ask mean","0","Informational","0","UNSPECIFIED","","","","",""
"4 people also ask","0","General","0","UNSPECIFIED","","","","",""
"feedback translations and more definitions people also ask","0","General","0","UNSPECIFIED","","","","",""
"apa arti people also ask","0","General","0","UNSPECIFIED","","","","",""
"peoplealsoask com","0","General","0","UNSPECIFIED","","","","",""
"slow people also ask","0","General","0","UNSPECIFIED","","","","",""
"how to add people also ask on google","0","Informational","0","UNSPECIFIED","","","","",""
"people also ask english meaning","0","General","0","UNSPECIFIED","","","","",""
"how to do people also ask","0","Informational","0","UNSPECIFIED","","","","",""
"people also ask in hindi meaning","0","General","0","UNSPECIFIED","","","","",""
"people also ask tamil meaning","0","General","0","UNSPECIFIED","","","","",""
"people also ask google questions","0","General","0","UNSPECIFIED","","","","",""
"from where ur hindi meaning","0","Informational","0","UNSPECIFIED","","","","",""
"people also ask ka matlab hindi mein","0","General","0","UNSPECIFIED","","","","",""
"people also ask nepali meaning","0","General","0","UNSPECIFIED","","","","",""
"why are you asking me meaning in telugu","0","Informational","0","UNSPECIFIED","","","","",""
"what does people also ask","0","Informational","0","UNSPECIFIED","","","","",""
"people also ask ki hindi","0","General","0","UNSPECIFIED","","","","",""
"people also ask not working safari","0","General","0","UNSPECIFIED","","","","",""
"people who always ask questions","0","Informational","0","UNSPECIFIED","","","","",""
"people also ask o que é","0","General","0","UNSPECIFIED","","","","",""
"people also ask nedir","0","General","0","UNSPECIFIED","","","","",""
"people also ask ka matlab","0","0","0","0","0","0","0","0","0","0","0","0","0","General","0","UNSPECIFIED","","","","",""
"why ru asking hindi meaning","0","Informational","0","UNSPECIFIED","","","","",""
"people also ask meaning in bengali","0","General","0","UNSPECIFIED","","","","",""
"people also ask seo tool","0","General","0","UNSPECIFIED","","","","",""
"people also ask in swahili","0","General","0","UNSPECIFIED","","","","",""
"feedback people also ask is google translate 100 right","0","General","0","UNSPECIFIED","","","","",""
"people also ask in tagalog","0","General","0","UNSPECIFIED","","","","",""
"returns people also ask","0","General","0","UNSPECIFIED","","","","",""
"do people also ask","0","General","0","UNSPECIFIED","","","","",""
"people also ask malayalam meaning","0","General","0","UNSPECIFIED","","","","",""
"people also ask meaning in punjabi","0","General","0","UNSPECIFIED","","","","",""
"people also ask meaning in bangla","0","General","0","UNSPECIFIED","","","","",""
"people also ask in marathi","0","General","0","UNSPECIFIED","","","","",""
"people also ask tradução","0","General","0","UNSPECIFIED","","","","",""
"people also ask people also ask","0","General","0","UNSPECIFIED","","","","",""
"translation feedback people also ask","0","General","0","UNSPECIFIED","","","","",""
"extract people also ask","0","General","0","UNSPECIFIED","","","","",""
"google people also ask is bad","0","General","0","UNSPECIFIED","","","","",""
"is people also ask a featured snippet","0","General","0","UNSPECIFIED","","","","",""
"people also ask meaning in english","0","General","0","UNSPECIFIED","","","","",""
"remove people also ask from google","0","General","0","UNSPECIFIED","","","","",""
"people also ask how do you type ♡","0","Informational","0","UNSPECIFIED","","","","",""
"arti people also ask","0","General","0","UNSPECIFIED","","","","",""
"why ask for feedback about performance","0","Navigational, Informational","0","UNSPECIFIED","","","","",""
"what do people also ask","0","Informational","0","UNSPECIFIED","","","","",""
"people also ask urdu meaning","0","General","0","UNSPECIFIED","","","","",""
"feedback about featured snippets people also ask is","0","Navigational","0","UNSPECIFIED","","","","",""
"how to get people also ask","0","Transactional, Informational","0","UNSPECIFIED","","","","",""
"people also ask example","0","General","0","UNSPECIFIED","","","","",""
"open in google translate feedback people also ask","0","General","0","UNSPECIFIED","","","","",""
"people also ask ka kya matlab hai","0","General","0","UNSPECIFIED","","","","",""
"people also ask in tamil meaning","0","General","0","UNSPECIFIED","","","","",""
"i hate people also ask","0","General","0","UNSPECIFIED","","","","",""
"people also ask google answers","0","General","0","UNSPECIFIED","","","","",""
"disable people also ask","0","General","0","UNSPECIFIED","","","","",""
"who adds information on google","0","Informational","0","UNSPECIFIED","","","","",""
"more info feedback people also ask","0","General","0","UNSPECIFIED","","","","",""
"people also ask en français","0","General","0","UNSPECIFIED","","","","",""
"people also ask ka meaning","0","General","0","UNSPECIFIED","","","","",""
"google people also ask tool","0","General","0","UNSPECIFIED","","","","",""
"people also ask meaning in telugu","0","General","0","UNSPECIFIED","","","","",""
"people also ask in telugu meaning","0","General","0","UNSPECIFIED","","","","",""
"people also ask in kannada meaning","0","General","0","UNSPECIFIED","","","","",""
"people also ask meaning in tamil","0","General","0","UNSPECIFIED","","","","",""
"people also ask meaning in kannada","0","General","0","UNSPECIFIED","","","","",""
"people also ask ka hindi kya hota hai","0","General","0","UNSPECIFIED","","","","",""
"people also ask what translator is 100 accurate deepl translate","0","Informational","0","UNSPECIFIED","","","","",""
"people also ask reddit","0","General","0","UNSPECIFIED","","","","",""
"why do people also ask","0","Informational","0","UNSPECIFIED","","","","",""
"people also ask ka matlab kya hota hai","0","General","0","UNSPECIFIED","","","","",""
"people also ask game","0","General","0","UNSPECIFIED","","","","",""
"people also ask meaning in malayalam","0","General","0","UNSPECIFIED","","","","",""
"people also ask google search","0","General","0","UNSPECIFIED","","","","",""
"how to add people also ask","0","Informational","0","UNSPECIFIED","","","","",""
"people who always ask for rides","0","Informational","0","UNSPECIFIED","","","","",""
"does anyone have or has any questions","0","General","0","UNSPECIFIED","","","","",""
"people also ask in french","0","General","0","UNSPECIFIED","","","","",""
"people also ask can","0","General","0","UNSPECIFIED","","","","",""
"hide people also ask google","0","General","0","UNSPECIFIED","","","","",""
"people also ask google reddit","0","General","0","UNSPECIFIED","","","","",""
"people also ask ka hindi meaning","0","General","0","UNSPECIFIED","","","","",""
"people who always ask for things","0","Informational","0","UNSPECIFIED","","","","",""
"what does people also ask mean","0","Informational","0","UNSPECIFIED","","","","",""
"hindi meaning of people also ask","0","General","0","UNSPECIFIED","","","","",""
"people also ask ka hindi kya hoga","0","General","0","UNSPECIFIED","","","","",""
"find the question people also ask","0","General","0","UNSPECIFIED","","","","",""
"when did google add people also ask","0","Informational","0","UNSPECIFIED","","","","",""
"people also ask in spanish","0","General","0","UNSPECIFIED","","","","",""
"wikipedia feedback about featured snippets people also ask","0","Navigational","0","UNSPECIFIED","","","","",""
"","9630"